epoch,train_loss,train_time,val_loss,val_acc
1,0.693431,0.421623,0.691761,0.532500
2,0.703942,0.106113,0.690422,0.545000
3,0.684146,0.107044,0.683828,0.532500
