epoch,train_loss,train_time,val_loss,val_acc
1,0.714534,0.337444,0.702428,0.500000
2,0.692771,0.188167,0.715341,0.470000
3,0.687408,0.188065,0.672396,0.615000
