epoch,train_loss,train_time,val_loss,val_acc
1,0.614697,11.266923,0.536564,0.726800
2,0.496810,10.394613,0.478742,0.766280
3,0.427891,10.372466,0.465351,0.778040
