epoch,train_loss,train_time,val_loss,val_acc
1,0.706211,0.336861,0.704573,0.512500
2,0.694205,0.170533,0.685973,0.577500
3,0.693092,0.159406,0.686067,0.540000
