epoch,train_loss,train_time,val_loss,val_acc
1,0.704123,0.611352,0.687019,0.537500
2,0.699442,0.308966,0.689421,0.542500
3,0.690350,0.313271,0.675456,0.635000
